<?xml version="1.0" encoding="UTF-8"?>
<beans xmlns:xsi="http://www.w3.org/2001/XMLSchema-instance"
    xmlns="http://www.springframework.org/schema/beans"
    xmlns:context="http://www.springframework.org/schema/context"
    xmlns:mvc="http://www.springframework.org/schema/mvc"
    xsi:schemaLocation="http://www.springframework.org/schema/beans 
    http://www.springframework.org/schema/beans/spring-beans-3.0.xsd
    http://www.springframework.org/schema/context 
    http://www.springframework.org/schema/context/spring-context-3.0.xsd
    http://www.springframework.org/schema/mvc
    http://www.springframework.org/schema/mvc/spring-mvc-3.0.xsd" >
    <context:component-scan base-package="com.madhu.springMVC8.controllers"/>
    <mvc:annotation-driven/>
    <bean id = "viewResolver"
          class = "org.springframework.web.servlet.view.InternalResourceViewResolver">
          <property name="prefix">
          	<value>/WEB-INF/</value>
          </property>
          <property name="suffix">
          	<value>.jsp</value>
          </property>
    </bean>    
    <bean id="messageSource" class="org.springframework.context.support.ReloadableResourceBundleMessageSource">
    	<property name="basename" value="/WEB-INF/webLang"/>
    </bean>
    
    <bean id="localeResolver" class="org.springframework.web.servlet.i18n.SessionLocaleResolver">
    <property name="defaultLocale" value="en" />
	</bean>
	
	<bean id="localeChangeInterceptor" class="org.springframework.web.servlet.i18n.LocaleChangeInterceptor">
	    <property name="paramName" value="siteLang" />
	</bean>
	 
	<bean class="org.springframework.web.servlet.mvc.annotation.DefaultAnnotationHandlerMapping">
	    <property name="interceptors">
	        <list>
	            <ref bean="localeChangeInterceptor" />
	        </list>
	    </property>
	</bean>
</beans>